blog_post_url,blog_post_summary,Instagram,Twitter,Facebook Page
https://www.dynamikapps.com/ai-automation-agency/,"AI automation agencies (AAAs) are revolutionizing business operations by leveraging artificial intelligence tools to streamline processes, reduce costs, and enhance customer value. These agencies use no-code/low-code platforms like Botpress and Zapier to offer services such as chatbots, content generation, workflow automation, and AI consulting. The market potential for AAAs is significant due to low AI adoption among businesses, making it a lucrative business opportunity with low startup costs. AAAs play a crucial role in making AI accessible and approachable for companies of all sizes, driving efficiency and innovation. The future of AAAs looks promising, with surging demand, increasing commoditization, new platforms and integrations, and the potential to surpass social media marketing agencies in profitability.","Revolutionize business operations with AI automation! ğŸ‘©â€ğŸ’¼ğŸ’» Discover how AI automation agencies are reshaping industries with no-code/low-code platforms like Botpress and Zapier. ğŸ’¡ğŸ’° Unlock the potential of streamlined processes and enhanced customer value. #AIautomation #NoCode #BusinessInnovation
---
Market potential is booming for AI automation agencies! ğŸš€ğŸ’¼ Dive into the world of chatbots, workflow automation, and more with low startup costs. ğŸŒğŸ’¸ Make AI accessible for all businesses and drive efficiency. #AIAgencies #BusinessOpportunity #Innovation
---
The future of AI automation agencies is bright! ğŸŒŸğŸ¤– Stay ahead of the curve with increasing demand, new integrations, and profitability surpassing social media marketing agencies. ğŸ’¥âœ¨ Embrace the power of automation today. #FutureofAI #InnovationAhead #AutomationRevolution","Discover how AI automation agencies are transforming business operations with artificial intelligence tools like Botpress and Zapier, offering chatbots, content generation, and more! ğŸ’¼âœ¨ Uncover the lucrative market potential and future opportunities in AI automation consulting. #AI #Automation #Innovation  
[Link: https://www.dynamikapps.com/ai-automation-agency/]",Discover how AI automation agencies are reshaping business landscapes with innovative tools like Botpress and Zapier to revolutionize operations and boost customer value. ğŸ’¡âœ¨ Uncover the lucrative market potential and the pivotal role these agencies play in making AI accessible to all businesses. ğŸš€ğŸ’» Explore more here: https://www.dynamikapps.com/ai-automation-agency/ #AIautomation #Botpress #Innovation
https://www.dynamikapps.com/how-chatbots-qualify-leads/,"Summary:
- Chatbots are increasingly valuable for businesses in lead qualification by automating conversations, engaging prospects instantly, asking targeted questions, and identifying high-potential leads.
- Small business owners can benefit from chatbots to nurture promising leads efficiently.
- Chatbots can be programmed with qualifying criteria, score leads, and segment them for timely follow-up, improving lead qualification processes.
- Key benefits of using chatbots include instant engagement, personalized interactions, timely follow-up, and handling multiple interactions simultaneously.
- Integrating chatbots with CRM, marketing automation, analytics, and ad platforms enhances lead nurturing and qualification processes.
- HubSpot's chatbot system exemplifies effective lead qualification through proactive engagement, scoring, segmentation, and integration with inbound marketing tools.","Elevate your lead qualification game with chatbots! ğŸ¤–ğŸ’¬ Learn how this AI automation tool can engage prospects instantly, score leads efficiently, and integrate seamlessly with your existing systems. Check out more insights at the link in bio. #AIautomation #Chatbots #LeadQualification","Leverage chatbots to transform lead qualification processes! ğŸ¤–ğŸ’¬ Enhance engagement, scoring, and segmentation for high-potential leads efficiently. Check out the benefits and HubSpot's success: https://www.dynamikapps.com/how-chatbots-qualify-leads/ #AI #Automation #LeadQualification","Enhance lead qualification with chatbots! ğŸ¤–ğŸ’¬ Learn how AI automation can streamline interactions, score leads, and boost engagement for your business. Check out more insights here: [Link] #AIautomation #Chatbots #LeadQualification"
https://www.dynamikapps.com/ai-leasing-agent/,"The article discusses the impact of AI leasing agents on property management, highlighting their role in optimizing the leasing process, reducing workload, and providing personalized interactions. AI leasing agents streamline operations, automate tasks, and offer 24/7 service, enhancing efficiency and tenant experiences. Challenges include staff resistance and communication nuances, addressed through education and ongoing learning. Investing in AI is seen as a strategic move that redefines the industry, emphasizing data-driven decision-making and personalized experiences. Technological advancements like natural language processing and predictive analytics are reshaping property management. A comparative analysis shows AI outpacing traditional methods in efficiency and tenant satisfaction. The transition to AI-enhanced systems marks a significant leap towards optimizing property management operations. Embracing AI technology is crucial for staying competitive and setting new standards in the industry.","Discover how AI leasing agents revolutionize property management, enhancing efficiency and tenant experiences. ğŸ¢âœ¨ Embrace the future of automation in real estate with 24/7 service and data-driven decisions. Are you ready to optimize operations and set new industry standards? #AIConsultants #PropertyManagement #AutomationRevolution

Link in bio: https://www.dynamikapps.com/ai-leasing-agent/","Discover how AI leasing agents are revolutionizing property management operations, from streamlining tasks to enhancing tenant experiences. Embrace the future of real estate with data-driven decision-making and personalized service. ğŸ’¡ğŸ¢ #AIautomation #PropertyManagement #FutureTech

Link to the article: https://www.dynamikapps.com/ai-leasing-agent/","Discover how AI leasing agents are revolutionizing the property management industry, enhancing efficiency, and elevating tenant experiences! ğŸ¤–âœ¨ Dive into the impact of AI automation on leasing processes and learn why it's a strategic move for redefining operations. Stay ahead of the curve with data-driven decision-making and personalized interactions. #AIautomation #PropertyManagement #Innovation

Read more here: https://www.dynamikapps.com/ai-leasing-agent/"
